group,subset,acc,ap,auc,r_acc,f_acc,elapsed_sec
GANs,progan,99.89,100.00,100.00,100.00,99.78,628.68
GANs,stylegan,97.13,99.75,99.69,100.00,94.26,939.67
GANs,stylegan2,98.80,99.92,99.90,99.97,97.63,1252.40
GANs,biggan,99.50,99.98,99.97,99.10,99.90,311.85
GANs,cyclegan,99.36,100.00,100.00,98.71,100.00,207.15
GANs,stargan,99.75,100.00,100.00,99.50,100.00,312.94
GANs,gaugan,99.43,100.00,100.00,98.88,99.98,779.52
GANs,deepfake,93.27,97.99,97.01,99.45,87.06,419.21
GANs,MEAN_GANS,98.39,99.70,99.57,99.45,97.33,-
Diffusion,guided,76.05,91.92,91.13,97.90,54.20,156.99
Diffusion,ldm_200,98.55,99.83,99.78,99.30,97.80,156.55
Diffusion,ldm_200_cfg,94.85,99.22,99.02,99.30,90.40,157.61
Diffusion,ldm_100,98.60,99.89,99.87,99.30,97.90,156.20
Diffusion,glide_50_27,94.60,99.50,99.40,99.30,89.90,157.23
Diffusion,glide_100_10,94.15,99.33,99.18,99.30,89.00,157.46
Diffusion,glide_100_27,94.30,99.27,99.11,99.30,89.30,157.59
Diffusion,dalle,98.70,99.84,99.80,99.30,98.10,157.24
Diffusion,pndm,99.25,99.99,99.98,100.00,98.50,156.35
Diffusion,vqdiffusion,100.00,100.00,100.00,100.00,100.00,156.86
Diffusion,MEAN_DIFFUSION,94.91,98.88,98.73,99.30,90.51,-
Overall,MEAN_OVERALL,96.45,99.25,99.10,99.37,93.54,-
